action,bytes_read,bytes_written,destination_type,device_id,file_path,removable_device_id,resource_id,timestamp,user_id
file_read,2809,,,d10,/work/document-0.txt,,work-0-0,2026-01-01T09:01:00+00:00,u17
file_read,1239,,,d10,/work/document-1.txt,,work-0-1,2026-01-01T09:02:00+00:00,u17
file_read,551,,,d10,/work/document-2.txt,,work-0-2,2026-01-01T09:03:00+00:00,u17
file_read,1119,,,d12,/work/document-0.txt,,work-1-0,2026-01-01T09:07:00+00:00,u14
file_read,1673,,,d12,/work/document-1.txt,,work-1-1,2026-01-01T09:08:00+00:00,u14
file_read,1818,,,d12,/work/document-2.txt,,work-1-2,2026-01-01T09:09:00+00:00,u14
file_read,2154,,,d20,/work/document-0.txt,,work-2-0,2026-01-01T09:13:00+00:00,u26
file_read,1400,,,d20,/work/document-1.txt,,work-2-1,2026-01-01T09:14:00+00:00,u26
file_read,2723,,,d20,/work/document-2.txt,,work-2-2,2026-01-01T09:15:00+00:00,u26
file_read,1744,,,d10,/work/document-0.txt,,work-0-0,2026-01-02T09:01:00+00:00,u17
file_read,663,,,d10,/work/document-1.txt,,work-0-1,2026-01-02T09:02:00+00:00,u17
file_read,2357,,,d10,/work/document-2.txt,,work-0-2,2026-01-02T09:03:00+00:00,u17
file_read,672,,,d12,/work/document-0.txt,,work-1-0,2026-01-02T09:07:00+00:00,u14
file_read,905,,,d12,/work/document-1.txt,,work-1-1,2026-01-02T09:08:00+00:00,u14
file_read,718,,,d12,/work/document-2.txt,,work-1-2,2026-01-02T09:09:00+00:00,u14
file_read,2282,,,d20,/work/document-0.txt,,work-2-0,2026-01-02T09:13:00+00:00,u26
file_read,2389,,,d20,/work/document-1.txt,,work-2-1,2026-01-02T09:14:00+00:00,u26
file_read,2909,,,d20,/work/document-2.txt,,work-2-2,2026-01-02T09:15:00+00:00,u26
file_read,1455,,,d10,/work/document-0.txt,,work-0-0,2026-01-03T09:01:00+00:00,u17
file_read,2311,,,d10,/work/document-1.txt,,work-0-1,2026-01-03T09:02:00+00:00,u17
file_read,605,,,d10,/work/document-2.txt,,work-0-2,2026-01-03T09:03:00+00:00,u17
file_read,2716,,,d12,/work/document-0.txt,,work-1-0,2026-01-03T09:07:00+00:00,u14
file_read,383,,,d12,/work/document-1.txt,,work-1-1,2026-01-03T09:08:00+00:00,u14
file_read,1366,,,d12,/work/document-2.txt,,work-1-2,2026-01-03T09:09:00+00:00,u14
file_read,435,,,d20,/work/document-0.txt,,work-2-0,2026-01-03T09:13:00+00:00,u26
file_read,2177,,,d20,/work/document-1.txt,,work-2-1,2026-01-03T09:14:00+00:00,u26
file_read,2041,,,d20,/work/document-2.txt,,work-2-2,2026-01-03T09:15:00+00:00,u26
file_read,2557,,,d10,/work/document-0.txt,,work-0-0,2026-01-04T09:01:00+00:00,u17
file_read,680,,,d10,/work/document-1.txt,,work-0-1,2026-01-04T09:02:00+00:00,u17
file_read,2895,,,d10,/work/document-2.txt,,work-0-2,2026-01-04T09:03:00+00:00,u17
file_read,2172,,,d12,/work/document-0.txt,,work-1-0,2026-01-04T09:07:00+00:00,u14
file_read,1477,,,d12,/work/document-1.txt,,work-1-1,2026-01-04T09:08:00+00:00,u14
file_read,173,,,d12,/work/document-2.txt,,work-1-2,2026-01-04T09:09:00+00:00,u14
file_read,1624,,,d20,/work/document-0.txt,,work-2-0,2026-01-04T09:13:00+00:00,u26
file_read,2441,,,d20,/work/document-1.txt,,work-2-1,2026-01-04T09:14:00+00:00,u26
file_read,311,,,d20,/work/document-2.txt,,work-2-2,2026-01-04T09:15:00+00:00,u26
file_read,1552,,,d10,/work/document-0.txt,,work-0-0,2026-01-05T09:01:00+00:00,u17
file_read,306,,,d10,/work/document-1.txt,,work-0-1,2026-01-05T09:02:00+00:00,u17
file_read,2054,,,d10,/work/document-2.txt,,work-0-2,2026-01-05T09:03:00+00:00,u17
file_read,2475,,,d12,/work/document-0.txt,,work-1-0,2026-01-05T09:07:00+00:00,u14
file_read,121,,,d12,/work/document-1.txt,,work-1-1,2026-01-05T09:08:00+00:00,u14
file_read,1760,,,d12,/work/document-2.txt,,work-1-2,2026-01-05T09:09:00+00:00,u14
file_read,579,,,d20,/work/document-0.txt,,work-2-0,2026-01-05T09:13:00+00:00,u26
file_read,2380,,,d20,/work/document-1.txt,,work-2-1,2026-01-05T09:14:00+00:00,u26
file_read,975,,,d20,/work/document-2.txt,,work-2-2,2026-01-05T09:15:00+00:00,u26
file_read,125000,,,d6,/data/quarterly.csv,,resource-468,2026-01-07T09:22:00+00:00,u17
file_copy_to_usb,,125000,removable_media,d6,/data/quarterly.csv,media-8,resource-468,2026-01-07T09:28:00+00:00,u17
